Room Number,Name,Email,Username,Password,
A412,John,john@gmail.com,A412,L5xr1P
A414,Benedict,benedict@gmail.com,A414,neEyES
B210,Susan,Susan@gmail.com,B210,Ig59Kh
B412,Jeong,jeong@gmail.com,B412,02wxEQ
B414,Lum Wei Boon,weiboon@gmail.com,B414,BV6vUM
C215,Mary,Mary@gmail.com,C215,mt5Dr4
D414,Fabian,fabian@gmail.com,D414,ZW8YLR
E413,Eden,eden@gmail.com,E413,n0KesX
